Workbook

Sheet README
A1: Project | B1: Purpose | C1: Records | D1: Recommended Tools | E1: Important Note
A2: HR Workforce Analytics and Interactive Dashboard System | B2: Synthetic project-ready HR dataset for Employee Demographics, Recruitment, Attendance, Leave, Salary, Performance, Attrition and Department-wise Dashboard. | C2: 300 employees; 3600 monthly attendance records; 640 leave records | D2: Excel → MySQL → Power BI; Python/Pandas for optional preprocessing | E2: All names and records are synthetic/fictitious and created for academic/project use.

Sheet Employee_Master
A1: Employee_ID | B1: Employee_Name | C1: Gender | D1: Age | E1: Age Group | F1: Department | G1: Position | H1: Salary | I1: Hire_Date | J1: Years_of_Service | K1: Experience Group | L1: Recruitment_Source | M1: Performance_Score | N1: Attendance_Percentage | O1: Absence_Days | P1: Leave_Days | Q1: Employment_Status | R1: Termination_Date | S1: Location
A2: 1 | B2: Employee_001 | C2: Male | D2: 38 | E2: {=_xlfn.IFS(Table1[[#This Row],[Age]]<=30, "18-30",Table1[[#This Row],[Age]]<=40, "31-40", Table1[[#This Row],[Age]]<=50, "41-50", TRUE, "51-65")} -> 31-40 | F2: Marketing | G2: Marketing Executive | H2: 48000 | I2: 44469 | J2: 5 | K2: {=_xlfn.IFS(Table1[[#This Row],[Years_of_Service]]<=2, "0-2 Years", Table1[[#This Row],[Years_of_Service]]<=5, "3-5 Years", Table1[[#This Row],[Years_of_Service]]<=8, "6-8 Years", TRUE, "8 Years")} -> 3-5 Years | L2: Campus Recruitment | M2: 84.1 | N2: 97.6 | O2: 13 | P2: 1 | Q2: Active | S2: North
A3: 2 | B3: Employee_002 | C3: Male | D3: 53 | E3: {=_xlfn.IFS(Table1[[#This Row],[Age]]<=30, "18-30",Table1[[#This Row],[Age]]<=40, "31-40", Table1[[#This Row],[Age]]<=50, "41-50", TRUE, "51-65")} -> 51-65 | F3: IT | G3: Data Analyst | H3: 74000 | I3: 45566 | J3: 1 | K3: {=_xlfn.IFS(Table1[[#This Row],[Years_of_Service]]<=2, "0-2 Years", Table1[[#This Row],[Years_of_Service]]<=5, "3-5 Years", Table1[[#This Row],[Years_of_Service]]<=8, "6-8 Years", TRUE, "8 Years")} -> 0-2 Years | L3: Indeed | M3: 56.1 | N3: 85.5 | O3: 14 | P3: 18 | Q3: Resigned | R3: 45872 | S3: East
A4: 3 | B4: Employee_003 | C4: Male | D4: 48 | E4: {=_xlfn.IFS(Table1[[#This Row],[Age]]<=30, "18-30",Table1[[#This Row],[Age]]<=40, "31-40", Table1[[#This Row],[Age]]<=50, "41-50", TRUE, "51-65")} -> 41-50 | F4: Customer Support | G4: Support Executive | H4: 35000 | I4: 44859 | J4: 4 | K4: {=_xlfn.IFS(Table1[[#This Row],[Years_of_Service]]<=2, "0-2 Years", Table1[[#This Row],[Years_of_Service]]<=5, "3-5 Years", Table1[[#This Row],[Years_of_Service]]<=8, "6-8 Years", TRUE, "8 Years")} -> 3-5 Years | L4: LinkedIn | M4: 87.8 | N4: 83.8 | O4: 11 | P4: 11 | Q4: Active | S4: Central
A5: 4 | B5: Employee_004 | C5: Female | D5: 55 | E5: {=_xlfn.IFS(Table1[[#This Row],[Age]]<=30, "18-30",Table1[[#This Row],[Age]]<=40, "31-40", Table1[[#This Row],[Age]]<=50, "41-50", TRUE, "51-65")} -> 51-65 | F5: HR | G5: HR Executive | H5: 51000 | I5: 43977 | J5: 6.4 | K5: {=_xlfn.IFS(Table1[[#This Row],[Years_of_Service]]<=2, "0-2 Years", Table1[[#This Row],[Years_of_Service]]<=5, "3-5 Years", Table1[[#This Row],[Years_of_Service]]<=8, "6-8 Years", TRUE, "8 Years")} -> 6-8 Years | L5: Naukri | M5: 96.8 | N5: 88.6 | O5: 19 | P5: 11 | Q5: Resigned | R5: 46001 | S5: Central
A6: 5 | B6: Employee_005 | C6: Male | D6: 23 | E6: {=_xlfn.IFS(Table1[[#This Row],[Age]]<=30, "18-30",Table1[[#This Row],[Age]]<=40, "31-40", Table1[[#This Row],[Age]]<=50, "41-50", TRUE, "51-65")} -> 18-30 | F6: Sales | G6: Business Development Executive | H6: 43000 | I6: 46174 | J6: 0.4 | K6: {=_xlfn.IFS(Table1[[#This Row],[Years_of_Service]]<=2, "0-2 Years", Table1[[#This Row],[Years_of_Service]]<=5, "3-5 Years", Table1[[#This Row],[Years_of_Service]]<=8, "6-8 Years", TRUE, "8 Years")} -> 0-2 Years | L6: Company Website | M6: 58.4 | N6: 86.1 | O6: 8 | P6: 14 | Q6: Active | S6: East
A7: 6 | B7: Employee_006 | C7: Female | D7: 34 | E7: {=_xlfn.IFS(Table1[[#This Row],[Age]]<=30, "18-30",Table1[[#This Row],[Age]]<=40, "31-40", Table1[[#This Row],[Age]]<=50, "41-50", TRUE, "51-65")} -> 31-40 | F7: Sales | G7: Sales Manager | H7: 49000 | I7: 46211 | J7: 0.2 | K7: {=_xlfn.IFS(Table1[[#This Row],[Years_of_Service]]<=2, "0-2 Years", Table1[[#This Row],[Years_of_Service]]<=5, "3-5 Years", Table1[[#This Row],[Years_of_Service]]<=8, "6-8 Years", TRUE, "8 Years")} -> 0-2 Years | L7: Campus Recruitment | M7: 66.5 | N7: 98.4 | O7: 20 | P7: 5 | Q7: Active | S7: Central
A8: 7 | B8: Employee_007 | C8: Male | D8: 50 | E8: {=_xlfn.IFS(Table1[[#This Row],[Age]]<=30, "18-30",Table1[[#This Row],[Age]]<=40, "31-40", Table1[[#This Row],[Age]]<=50, "41-50", TRUE, "51-65")} -> 41-50 | F8: Marketing | G8: Marketing Executive | H8: 43000 | I8: 45020 | J8: 3.5 | K8: {=_xlfn.IFS(Table1[[#This Row],[Years_of_Service]]<=2, "0-2 Years", Table1[[#This Row],[Years_of_Service]]<=5, "3-5 Years", Table1[[#This Row],[Years_of_Service]]<=8, "6-8 Years", TRUE, "8 Years")} -> 3-5 Years | L8: LinkedIn | M8: 84.6 | N8: 85.8 | O8: 7 | P8: 1 | Q8: Active | S8: East
A9: 8 | B9: Employee_008 | C9: Male | D9: 34 | E9: {=_xlfn.IFS(Table1[[#This Row],[Age]]<=30, "18-30",Table1[[#This Row],[Age]]<=40, "31-40", Table1[[#This Row],[Age]]<=50, "41-50", TRUE, "51-65")} -> 31-40 | F9: Finance | G9: Financial Analyst | H9: 77000 | I9: 45789 | J9: 1.4 | K9: {=_xlfn.IFS(Table1[[#This Row],[Years_of_Service]]<=2, "0-2 Years", Table1[[#This Row],[Years_of_Service]]<=5, "3-5 Years", Table1[[#This Row],[Years_of_Service]]<=8, "6-8 Years", TRUE, "8 Years")} -> 0-2 Years | L9: Company Website | M9: 92.7 | N9: 87.5 | O9: 20 | P9: 14 | Q9: Active | S9: South
A10: 9 | B10: Employee_009 | C10: Male | D10: 56 | E10: {=_xlfn.IFS(Table1[[#This Row],[Age]]<=30, "18-30",Table1[[#This Row],[Age]]<=40, "31-40", Table1[[#This Row],[Age]]<=50, "41-50", TRUE, "51-65")} -> 51-65 | F10: HR | G10: HR Executive | H10: 43000 | I10: 45673 | J10: 1.7 | K10: {=_xlfn.IFS(Table1[[#This Row],[Years_of_Service]]<=2, "0-2 Years", Table1[[#This Row],[Years_of_Service]]<=5, "3-5 Years", Table1[[#This Row],[Years_of_Service]]<=8, "6-8 Years", TRUE, "8 Years")} -> 0-2 Years | L10: Indeed | M10: 93.6 | N10: 89 | O10: 16 | P10: 15 | Q10: Active | S10: North
A11: 10 | B11: Employee_010 | C11: Male | D11: 30 | E11: {=_xlfn.IFS(Table1[[#This Row],[Age]]<=30, "18-30",Table1[[#This Row],[Age]]<=40, "31-40", Table1[[#This Row],[Age]]<=50, "41-50", TRUE, "51-65")} -> 18-30 | F11: Customer Support | G11: Support Executive | H11: 46000 | I11: 46036 | J11: 0.7 | K11: {=_xlfn.IFS(Table1[[#This Row],[Years_of_Service]]<=2, "0-2 Years", Table1[[#This Row],[Years_of_Service]]<=5, "3-5 Years", Table1[[#This Row],[Years_of_Service]]<=8, "6-8 Years", TRUE, "8 Years")} -> 0-2 Years | L11: Company Website | M11: 61.9 | N11: 93.9 | O11: 12 | P11: 14 | Q11: Resigned | R11: 46236 | S11: Central
A12: 11 | B12: Employee_011 | C12: Male | D12: 28 | E12: {=_xlfn.IFS(Table1[[#This Row],[Age]]<=30, "18-30",Table1[[#This Row],[Age]]<=40, "31-40", Table1[[#This Row],[Age]]<=50, "41-50", TRUE, "51-65")} -> 18-30 | F12: HR | G12: Recruiter | H12: 57000 | I12: 46258 | J12: 0.1 | K12: {=_xlfn.IFS(Table1[[#This Row],[Years_of_Service]]<=2, "0-2 Years", Table1[[#This Row],[Years_of_Service]]<=5, "3-5 Years", Table1[[#This Row],[Years_of_Service]]<=8, "6-8 Years", TRUE, "8 Years")} -> 0-2 Years | L12: Company Website | M12: 88 | N12: 88 | O12: 5 | P12: 14 | Q12: Active | S12: North
A13: 12 | B13: Employee_012 | C13: Female | D13: 53 | E13: {=_xlfn.IFS(Table1[[#This Row],[Age]]<=30, "18-30",Table1[[#This Row],[Age]]<=40, "31-40", Table1[[#This Row],[Age]]<=50, "41-50", TRUE, "51-65")} -> 51-65 | F13: Marketing | G13: Marketing Manager | H13: 34000 | I13: 44197 | J13: 5.8 | K13: {=_xlfn.IFS(Table1[[#This Row],[Years_of_Service]]<=2, "0-2 Years", Table1[[#This Row],[Years_of_Service]]<=5, "3-5 Years", Table1[[#This Row],[Years_of_Service]]<=8, "6-8 Years", TRUE, "8 Years")} -> 6-8 Years | L13: Naukri | M13: 76.8 | N13: 83.9 | O13: 16 | P13: 6 | Q13: Active | S13: South
A14: 13 | B14: Employee_013 | C14: Male | D14: 41 | E14: {=_xlfn.IFS(Table1[[#This Row],[Age]]<=30, "18-30",Table1[[#This Row],[Age]]<=40, "31-40", Table1[[#This Row],[Age]]<=50, "41-50", TRUE, "51-65")} -> 41-50 | F14: HR | G14: HR Executive | H14: 67000 | I14: 45467 | J14: 2.3 | K14: {=_xlfn.IFS(Table1[[#This Row],[Years_of_Service]]<=2, "0-2 Years", Table1[[#This Row],[Years_of_Service]]<=5, "3-5 Years", Table1[[#This Row],[Years_of_Service]]<=8, "6-8 Years", TRUE, "8 Years")} -> 3-5 Years | L14: Indeed | M14: 92.8 | N14: 96.6 | O14: 1 | P14: 7 | Q14: Active | S14: Central
A15: 14 | B15: Employee_014 | C15: Female | D15: 25 | E15: {=_xlfn.IFS(Table1[[#This Row],[Age]]<=30, "18-30",Table1[[#This Row],[Age]]<=40, "31-40", Table1[[#This Row],[Age]]<=50, "41-50", TRUE, "51-65")} -> 18-30 | F15: IT | G15: Software Developer | H15: 58000 | I15: 45647 | J15: 1.8 | K15: {=_xlfn.IFS(Table1[[#This Row],[Years_of_Service]]<=2, "0-2 Years", Table1[[#This Row],[Years_of_Service]]<=5, "3-5 Years", Table1[[#This Row],[Years_of_Service]]<=8, "6-8 Years", TRUE, "8 Years")} -> 0-2 Years | L15: Campus Recruitment | M15: 87.9 | N15: 84.2 | O15: 5 | P15: 8 | Q15: Active | S15: Central
A16: 15 | B16: Employee_015 | C16: Female | D16: 34 | E16: {=_xlfn.IFS(Table1[[#This Row],[Age]]<=30, "18-30",Table1[[#This Row],[Age]]<=40, "31-40", Table1[[#This Row],[Age]]<=50, "41-50", TRUE, "51-65")} -> 31-40 | F16: Customer Support | G16: Customer Success Executive | H16: 36000 | I16: 45674 | J16: 1.7 | K16: {=_xlfn.IFS(Table1[[#This Row],[Years_of_Service]]<=2, "0-2 Years", Table1[[#This Row],[Years_of_Service]]<=5, "3-5 Years", Table1[[#This Row],[Years_of_Service]]<=8, "6-8 Years", TRUE, "8 Years")} -> 0-2 Years | L16: Company Website | M16: 85.7 | N16: 89 | O16: 16 | P16: 14 | Q16: Active | S16: North
A17: 16 | B17: Employee_016 | C17: Male | D17: 42 | E17: {=_xlfn.IFS(Table1[[#This Row],[Age]]<=30, "18-30",Table1[[#This Row],[Age]]<=40, "31-40", Table1[[#This Row],[Age]]<=50, "41-50", TRUE, "51-65")} -> 41-50 | F17: Sales | G17: Sales Executive | H17: 27000 | I17: 43552 | J17: 7.5 | K17: {=_xlfn.IFS(Table1[[#This Row],[Years_of_Service]]<=2, "0-2 Years", Table1[[#This Row],[Years_of_Service]]<=5, "3-5 Years", Table1[[#This Row],[Years_of_Service]]<=8, "6-8 Years", TRUE, "8 Years")} -> 6-8 Years | L17: LinkedIn | M17: 80.3 | N17: 86 | O17: 2 | P17: 1 | Q17: Active | S17: South
A18: 17 | B18: Employee_017 | C18: Female | D18: 25 | E18: {=_xlfn.IFS(Table1[[#This Row],[Age]]<=30, "18-30",Table1[[#This Row],[Age]]<=40, "31-40", Table1[[#This Row],[Age]]<=50, "41-50", TRUE, "51-65")} -> 18-30 | F18: IT | G18: Software Developer | H18: 56000 | I18: 45571 | J18: 2 | K18: {=_xlfn.IFS(Table1[[#This Row],[Years_of_Service]]<=2, "0-2 Years", Table1[[#This Row],[Years_of_Service]]<=5, "3-5 Years", Table1[[#This Row],[Years_of_Service]]<=8, "6-8 Years", TRUE, "8 Years")} -> 0-2 Years | L18: Company Website | M18: 64.2 | N18: 84.3 | O18: 7 | P18: 15 | Q18: Resigned | R18: 45711 | S18: West
A19: 18 | B19: Employee_018 | C19: Male | D19: 48 | E19: {=_xlfn.IFS(Table1[[#This Row],[Age]]<=30, "18-30",Table1[[#This Row],[Age]]<=40, "31-40", Table1[[#This Row],[Age]]<=50, "41-50", TRUE, "51-65")} -> 41-50 | F19: Sales | G19: Sales Executive | H19: 55000 | I19: 44917 | J19: 3.8 | K19: {=_xlfn.IFS(Table1[[#This Row],[Years_of_Service]]<=2, "0-2 Years", Table1[[#This Row],[Years_of_Service]]<=5, "3-5 Years", Table1[[#This Row],[Years_of_Service]]<=8, "6-8 Years", TRUE, "8 Years")} -> 3-5 Years | L19: Naukri | M19: 73.2 | N19: 90.2 | O19: 20 | P19: 3 | Q19: Active | S19: North
A20: 19 | B20: Employee_019 | C20: Female | D20: 27 | E20: {=_xlfn.IFS(Table1[[#This Row],[Age]]<=30, "18-30",Table1[[#This Row],[Age]]<=40, "31-40", Table1[[#This Row],[Age]]<=50, "41-50", TRUE, "51-65")} -> 18-30 | F20: Finance | G20: Finance Manager | H20: 57000 | I20: 44484 | J20: 5 | K20: {=_xlfn.IFS(Table1[[#This Row],[Years_of_Service]]<=2, "0-2 Years", Table1[[#This Row],[Years_of_Service]]<=5, "3-5 Years", Table1[[#This Row],[Years_of_Service]]<=8, "6-8 Years", TRUE, "8 Years")} -> 3-5 Years | L20: Indeed | M20: 61 | N20: 85.2 | O20: 2 | P20: 14 | Q20: Active | S20: Central
A21: 20 | B21: Employee_020 | C21: Male | D21: 26 | E21: {=_xlfn.IFS(Table1[[#This Row],[Age]]<=30, "18-30",Table1[[#This Row],[Age]]<=40, "31-40", Table1[[#This Row],[Age]]<=50, "41-50", TRUE, "51-65")} -> 18-30 | F21: IT | G21: Software Developer | H21: 69000 | I21: 44434 | J21: 5.1 | K21: {=_xlfn.IFS(Table1[[#This Row],[Years_of_Service]]<=2, "0-2 Years", Table1[[#This Row],[Years_of_Service]]<=5, "3-5 Years", Table1[[#This Row],[Years_of_Service]]<=8, "6-8 Years", TRUE, "8 Years")} -> 6-8 Years | L21: Company Website | M21: 62.2 | N21: 90.5 | O21: 1 | P21: 5 | Q21: Active | S21: West
A22: 21 | B22: Employee_021 | C22: Female | D22: 50 | E22: {=_xlfn.IFS(Table1[[#This Row],[Age]]<=30, "18-30",Table1[[#This Row],[Age]]<=40, "31-40", Table1[[#This Row],[Age]]<=50, "41-50", TRUE, "51-65")} -> 41-50 | F22: IT | G22: QA Engineer | H22: 28000 | I22: 44634 | J22: 4.6 | K22: {=_xlfn.IFS(Table1[[#This Row],[Years_of_Service]]<=2, "0-2 Years", Table1[[#This Row],[Years_of_Service]]<=5, "3-5 Years", Table1[[#This Row],[Years_of_Service]]<=8, "6-8 Years", TRUE, "8 Years")} -> 3-5 Years | L22: Indeed | M22: 97.8 | N22: 91.7 | O22: 6 | P22: 9 | Q22: Active | S22: South
A23: 22 | B23: Employee_022 | C23: Female | D23: 24 | E23: {=_xlfn.IFS(Table1[[#This Row],[Age]]<=30, "18-30",Table1[[#This Row],[Age]]<=40, "31-40", Table1[[#This Row],[Age]]<=50, "41-50", TRUE, "51-65")} -> 18-30 | F23: IT | G23: Software Developer | H23: 69000 | I23: 43671 | J23: 7.2 | K23: {=_xlfn.IFS(Table1[[#This Row],[Years_of_Service]]<=2, "0-2 Years", Table1[[#This Row],[Years_of_Service]]<=5, "3-5 Years", Table1[[#This Row],[Years_of_Service]]<=8, "6-8 Years", TRUE, "8 Years")} -> 6-8 Years | L23: LinkedIn | M23: 80.1 | N23: 90.8 | O23: 16 | P23: 2 | Q23: Resigned | R23: 46140 | S23: South
A24: 23 | B24: Employee_023 | C24: Male | D24: 46 | E24: {=_xlfn.IFS(Table1[[#This Row],[Age]]<=30, "18-30",Table1[[#This Row],[Age]]<=40, "31-40", Table1[[#This Row],[Age]]<=50, "41-50", TRUE, "51-65")} -> 41-50 | F24: IT | G24: Software Developer | H24: 69000 | I24: 43957 | J24: 6.4 | K24: {=_xlfn.IFS(Table1[[#This Row],[Years_of_Service]]<=2, "0-2 Years", Table1[[#This Row],[Years_of_Service]]<=5, "3-5 Years", Table1[[#This Row],[Years_of_Service]]<=8, "6-8 Years", TRUE, "8 Years")} -> 6-8 Years | L24: Company Website | M24: 79.9 | N24: 82.7 | O24: 21 | P24: 18 | Q24: Active | S24: Central
A25: 24 | B25: Employee_024 | C25: Female | D25: 34 | E25: {=_xlfn.IFS(Table1[[#This Row],[Age]]<=30, "18-30",Table1[[#This Row],[Age]]<=40, "31-40", Table1[[#This Row],[Age]]<=50, "41-50", TRUE, "51-65")} -> 31-40 | F25: Operations | G25: Operations Manager | H25: 38000 | I25: 46209 | J25: 0.3 | K25: {=_xlfn.IFS(Table1[[#This Row],[Years_of_Service]]<=2, "0-2 Years", Table1[[#This Row],[Years_of_Service]]<=5, "3-5 Years", Table1[[#This Row],[Years_of_Service]]<=8, "6-8 Years", TRUE, "8 Years")} -> 0-2 Years | L25: Indeed | M25: 85.8 | N25: 86.2 | O25: 21 | P25: 9 | Q25: Active | S25: West
A26: 25 | B26: Employee_025 | C26: Male | D26: 50 | E26: {=_xlfn.IFS(Table1[[#This Row],[Age]]<=30, "18-30",Table1[[#This Row],[Age]]<=40, "31-40", Table1[[#This Row],[Age]]<=50, "41-50", TRUE, "51-65")} -> 41-50 | F26: HR | G26: HR Executive | H26: 77000 | I26: 46010 | J26: 0.8 | K26: {=_xlfn.IFS(Table1[[#This Row],[Years_of_Service]]<=2, "0-2 Years", Table1[[#This Row],[Years_of_Service]]<=5, "3-5 Years", Table1[[#This Row],[Years_of_Service]]<=8, "6-8 Years", TRUE, "8 Years")} -> 0-2 Years | L26: Indeed | M26: 58.2 | N26: 85.7 | O26: 11 | P26: 2 | Q26: Active | S26: South
A27: 26 | B27: Employee_026 | C27: Male | D27: 49 | E27: {=_xlfn.IFS(Table1[[#This Row],[Age]]<=30, "18-30",Table1[[#This Row],[Age]]<=40, "31-40", Table1[[#This Row],[Age]]<=50, "41-50", TRUE, "51-65")} -> 41-50 | F27: HR | G27: HR Manager | H27: 44000 | I27: 45691 | J27: 1.7 | K27: {=_xlfn.IFS(Table1[[#This Row],[Years_of_Service]]<=2, "0-2 Years", Table1[[#This Row],[Years_of_Service]]<=5, "3-5 Years", Table1[[#This Row],[Years_of_Service]]<=8, "6-8 Years", TRUE, "8 Years")} -> 0-2 Years | L27: Naukri | M27: 85.3 | N27: 92.7 | O27: 17 | P27: 9 | Q27: Resigned | R27: 46293 | S27: North
A28: 27 | B28: Employee_027 | C28: Male | D28: 27 | E28: {=_xlfn.IFS(Table1[[#This Row],[Age]]<=30, "18-30",Table1[[#This Row],[Age]]<=40, "31-40", Table1[[#This Row],[Age]]<=50, "41-50", TRUE, "51-65")} -> 18-30 | F28: Sales | G28: Sales Manager | H28: 46000 | I28: 45732 | J28: 1.6 | K28: {=_xlfn.IFS(Table1[[#This Row],[Years_of_Service]]<=2, "0-2 Years", Table1[[#This Row],[Years_of_Service]]<=5, "3-5 Years", Table1[[#This Row],[Years_of_Service]]<=8, "6-8 Years", TRUE, "8 Years")} -> 0-2 Years | L28: Campus Recruitment | M28: 64.1 | N28: 88 | O28: 15 | P28: 8 | Q28: Active | S28: North
A29: 28 | B29: Employee_028 | C29: Female | D29: 23 | E29: {=_xlfn.IFS(Table1[[#This Row],[Age]]<=30, "18-30",Table1[[#This Row],[Age]]<=40, "31-40", Table1[[#This Row],[Age]]<=50, "41-50", TRUE, "51-65")} -> 18-30 | F29: IT | G29: QA Engineer | H29: 63000 | I29: 43480 | J29: 7.7 | K29: {=_xlfn.IFS(Table1[[#This Row],[Years_of_Service]]<=2, "0-2 Years", Table1[[#This Row],[Years_of_Service]]<=5, "3-5 Years", Table1[[#This Row],[Years_of_Service]]<=8, "6-8 Years", TRUE, "8 Years")} -> 6-8 Years | L29: Indeed | M29: 69.3 | N29: 84.3 | O29: 23 | P29: 14 | Q29: Active | S29: Central
A30: 29 | B30: Employee_029 | C30: Male | D30: 28 | E30: {=_xlfn.IFS(Table1[[#This Row],[Age]]<=30, "18-30",Table1[[#This Row],[Age]]<=40, "31-40", Table1[[#This Row],[Age]]<=50, "41-50", TRUE, "51-65")} -> 18-30 | F30: Marketing | G30: Digital Marketing Analyst | H30: 60000 | I30: 43774 | J30: 6.9 | K30: {=_xlfn.IFS(Table1[[#This Row],[Years_of_Service]]<=2, "0-2 Years", Table1[[#This Row],[Years_of_Service]]<=5, "3-5 Years", Table1[[#This Row],[Years_of_Service]]<=8, "6-8 Years", TRUE, "8 Years")} -> 6-8 Years | L30: Campus Recruitment | M30: 61.4 | N30: 82.6 | O30: 17 | P30: 4 | Q30: Active | S30: West
A31: 30 | B31: Employee_030 | C31: Female | D31: 44 | E31: {=_xlfn.IFS(Table1[[#This Row],[Age]]<=30, "18-30",Table1[[#This Row],[Age]]<=40, "31-40", Table1[[#This Row],[Age]]<=50, "41-50", TRUE, "51-65")} -> 41-50 | F31: Sales | G31: Sales Executive | H31: 37000 | I31: 43629 | J31: 7.3 | K31: {=_xlfn.IFS(Table1[[#This Row],[Years_of_Service]]<=2, "0-2 Years", Table1[[#This Row],[Years_of_Service]]<=5, "3-5 Years", Table1[[#This Row],[Years_of_Service]]<=8, "6-8 Years", TRUE, "8 Years")} -> 6-8 Years | L31: Naukri | M31: 93.7 | N31: 85.7 | O31: 3 | P31: 11 | Q31: Active | S31: Central
A32: 31 | B32: Employee_031 | C32: Male | D32: 36 | E32: {=_xlfn.IFS(Table1[[#This Row],[Age]]<=30, "18-30",Table1[[#This Row],[Age]]<=40, "31-40", Table1[[#This Row],[Age]]<=50, "41-50", TRUE, "51-65")} -> 31-40 | F32: Customer Support | G32: Support Lead | H32: 50000 | I32: 44131 | J32: 5.9 | K32: {=_xlfn.IFS(Table1[[#This Row],[Years_of_Service]]<=2, "0-2 Years", Table1[[#This Row],[Years_of_Service]]<=5, "3-5 Years", Table1[[#This Row],[Years_of_Service]]<=8, "6-8 Years", TRUE, "8 Years")} -> 6-8 Years | L32: Company Website | M32: 92.9 | N32: 82.4 | O32: 21 | P32: 7 | Q32: Active | S32: East
A33: 32 | B33: Employee_032 | C33: Male | D33: 45 | E33: {=_xlfn.IFS(Table1[[#This Row],[Age]]<=30, "18-30",Table1[[#This Row],[Age]]<=40, "31-40", Table1[[#This Row],[Age]]<=50, "41-50", TRUE, "51-65")} -> 41-50 | F33: Sales | G33: Business Development Executive | H33: 39000 | I33: 43624 | J33: 7.3 | K33: {=_xlfn.IFS(Table1[[#This Row],[Years_of_Service]]<=2, "0-2 Years", Table1[[#This Row],[Years_of_Service]]<=5, "3-5 Years", Table1[[#This Row],[Years_of_Service]]<=8, "6-8 Years", TRUE, "8 Years")} -> 6-8 Years | L33: Employee Referral | M33: 91.9 | N33: 85.9 | O33: 9 | P33: 7 | Q33: Active | S33: South
A34: 33 | B34: Employee_033 | C34: Female | D34: 42 | E34: {=_xlfn.IFS(Table1[[#This Row],[Age]]<=30, "18-30",Table1[[#This Row],[Age]]<=40, "31-40", Table1[[#This Row],[Age]]<=50, "41-50", TRUE, "51-65")} -> 41-50 | F34: IT | G34: Data Analyst | H34: 75000 | I34: 44607 | J34: 4.6 | K34: {=_xlfn.IFS(Table1[[#This Row],[Years_of_Service]]<=2, "0-2 Years", Table1[[#This Row],[Years_of_Service]]<=5, "3-5 Years", Table1[[#This Row],[Years_of_Service]]<=8, "6-8 Years", TRUE, "8 Years")} -> 3-5 Years | L34: Naukri | M34: 67 | N34: 93.2 | O34: 17 | P34: 10 | Q34: Active | S34: North
A35: 34 | B35: Employee_034 | C35: Male | D35: 58 | E35: {=_xlfn.IFS(Table1[[#This Row],[Age]]<=30, "18-30",Table1[[#This Row],[Age]]<=40, "31-40", Table1[[#This Row],[Age]]<=50, "41-50", TRUE, "51-65")} -> 51-65 | F35: IT | G35: System Administrator | H35: 31000 | I35: 44553 | J35: 4.8 | K35: {=_xlfn.IFS(Table1[[#This Row],[Years_of_Service]]<=2, "0-2 Years", Table1[[#This Row],[Years_of_Service]]<=5, "3-5 Years", Table1[[#This Row],[Years_of_Service]]<=8, "6-8 Years", TRUE, "8 Years")} -> 3-5 Years | L35: Naukri | M35: 56.6 | N35: 92.4 | O35: 10 | P35: 13 | Q35: Active | S35: Central
A36: 35 | B36: Employee_035 | C36: Female | D36: 57 | E36: {=_xlfn.IFS(Table1[[#This Row],[Age]]<=30, "18-30",Table1[[#This Row],[Age]]<=40, "31-40", Table1[[#This Row],[Age]]<=50, "41-50", TRUE, "51-65")} -> 51-65 | F36: Operations | G36: Operations Executive | H36: 42000 | I36: 44244 | J36: 5.6 | K36: {=_xlfn.IFS(Table1[[#This Row],[Years_of_Service]]<=2, "0-2 Years", Table1[[#This Row],[Years_of_Service]]<=5, "3-5 Years", Table1[[#This Row],[Years_of_Service]]<=8, "6-8 Years", TRUE, "8 Years")} -> 6-8 Years | L36: Indeed | M36: 55.1 | N36: 98.2 | O36: 11 | P36: 13 | Q36: Resigned | R36: 45615 | S36: North
A37: 36 | B37: Employee_036 | C37: Female | D37: 28 | E37: {=_xlfn.IFS(Table1[[#This Row],[Age]]<=30, "18-30",Table1[[#This Row],[Age]]<=40, "31-40", Table1[[#This Row],[Age]]<=50, "41-50", TRUE, "51-65")} -> 18-30 | F37: Marketing | G37: Digital Marketing Analyst | H37: 61000 | I37: 44696 | J37: 4.4 | K37: {=_xlfn.IFS(Table1[[#This Row],[Years_of_Service]]<=2, "0-2 Years", Table1[[#This Row],[Years_of_Service]]<=5, "3-5 Years", Table1[[#This Row],[Years_of_Service]]<=8, "6-8 Years", TRUE, "8 Years")} -> 3-5 Years | L37: Company Website | M37: 76.8 | N37: 93.7 | O37: 22 | P37: 9 | Q37: Active | S37: Central
A38: 37 | B38: Employee_037 | C38: Female | D38: 45 | E38: {=_xlfn.IFS(Table1[[#This Row],[Age]]<=30, "18-30",Table1[[#This Row],[Age]]<=40, "31-40", Table1[[#This Row],[Age]]<=50, "41-50", TRUE, "51-65")} -> 41-50 | F38: Sales | G38: Sales Executive | H38: 41000 | I38: 46240 | J38: 0.2 | K38: {=_xlfn.IFS(Table1[[#This Row],[Years_of_Service]]<=2, "0-2 Years", Table1[[#This Row],[Years_of_Service]]<=5, "3-5 Years", Table1[[#This Row],[Years_of_Service]]<=8, "6-8 Years", TRUE, "8 Years")} -> 0-2 Years | L38: Employee Referral | M38: 79.5 | N38: 89.1 | O38: 9 | P38: 6 | Q38: Active | S38: West
A39: 38 | B39: Employee_038 | C39: Female | D39: 50 | E39: {=_xlfn.IFS(Table1[[#This Row],[Age]]<=30, "18-30",Table1[[#This Row],[Age]]<=40, "31-40", Table1[[#This Row],[Age]]<=50, "41-50", TRUE, "51-65")} -> 41-50 | F39: Customer Support | G39: Customer Success Executive | H39: 31000 | I39: 45275 | J39: 2.8 | K39: {=_xlfn.IFS(Table1[[#This Row],[Years_of_Service]]<=2, "0-2 Years", Table1[[#This Row],[Years_of_Service]]<=5, "3-5 Years", Table1[[#This Row],[Years_of_Service]]<=8, "6-8 Years", TRUE, "8 Years")} -> 3-5 Years | L39: Naukri | M39: 74 | N39: 85.7 | O39: 5 | P39: 2 | Q39: Active | S39: East
A40: 39 | B40: Employee_039 | C40: Female | D40: 26 | E40: {=_xlfn.IFS(Table1[[#This Row],[Age]]<=30, "18-30",Table1[[#This Row],[Age]]<=40, "31-40", Table1[[#This Row],[Age]]<=50, "41-50", TRUE, "51-65")} -> 18-30 | F40: Operations | G40: Process Analyst | H40: 39000 | I40: 44428 | J40: 5.1 | K40: {=_xlfn.IFS(Table1[[#This Row],[Years_of_Service]]<=2, "0-2 Years", Table1[[#This Row],[Years_of_Service]]<=5, "3-5 Years", Table1[[#This Row],[Years_of_Service]]<=8, "6-8 Years", TRUE, "8 Years")} -> 6-8 Years | L40: Company Website | M40: 63.6 | N40: 82.4 | O40: 19 | P40: 2 | Q40: Active | S40: West
A41: 40 | B41: Employee_040 | C41: Male | D41: 45 | E41: {=_xlfn.IFS(Table1[[#This Row],[Age]]<=30, "18-30",Table1[[#This Row],[Age]]<=40, "31-40", Table1[[#This Row],[Age]]<=50, "41-50", TRUE, "51-65")} -> 41-50 | F41: Finance | G41: Finance Manager | H41: 44000 | I41: 45490 | J41: 2.2 | K41: {=_xlfn.IFS(Table1[[#This Row],[Years_of_Service]]<=2, "0-2 Years", Table1[[#This Row],[Years_of_Service]]<=5, "3-5 Years", Table1[[#This Row],[Years_of_Service]]<=8, "6-8 Years", TRUE, "8 Years")} -> 3-5 Years | L41: LinkedIn | M41: 72.2 | N41: 84.6 | O41: 24 | P41: 13 | Q41: Active | S41: South
A42: 41 | B42: Employee_041 | C42: Female | D42: 24 | E42: {=_xlfn.IFS(Table1[[#This Row],[Age]]<=30, "18-30",Table1[[#This Row],[Age]]<=40, "31-40", Table1[[#This Row],[Age]]<=50, "41-50", TRUE, "51-65")} -> 18-30 | F42: Sales | G42: Business Development Executive | H42: 42000 | I42: 45384 | J42: 1.5 | K42: {=_xlfn.IFS(Table1[[#This Row],[Years_of_Service]]<=2, "0-2 Years", Table1[[#This Row],[Years_of_Service]]<=5, "3-5 Years", Table1[[#This Row],[Years_of_Service]]<=8, "6-8 Years", TRUE, "8 Years")} -> 0-2 Years | L42: Campus Recruitment | M42: 74.6 | N42: 96 | O42: 10 | P42: 14 | Q42: Resigned | R42: 45729 | S42: Central
A43: 42 | B43: Employee_042 | C43: Female | D43: 56 | E43: {=_xlfn.IFS(Table1[[#This Row],[Age]]<=30, "18-30",Table1[[#This Row],[Age]]<=40, "31-40", Table1[[#This Row],[Age]]<=50, "41-50", TRUE, "51-65")} -> 51-65 | F43: Customer Support | G43: Customer Success Executive | H43: 51000 | I43: 45292 | J43: 2.8 | K43: {=_xlfn.IFS(Table1[[#This Row],[Years_of_Service]]<=2, "0-2 Years", Table1[[#This Row],[Years_of_Service]]<=5, "3-5 Years", Table1[[#This Row],[Years_of_Service]]<=8, "6-8 Years", TRUE, "8 Years")} -> 3-5 Years | L43: Company Website | M43: 93.6 | N43: 95 | O43: 8 | P43: 7 | Q43: Active | S43: East
A44: 43 | B44: Employee_043 | C44: Female | D44: 36 | E44: {=_xlfn.IFS(Table1[[#This Row],[Age]]<=30, "18-30",Table1[[#This Row],[Age]]<=40, "31-40", Table1[[#This Row],[Age]]<=50, "41-50", TRUE, "51-65")} -> 31-40 | F44: Customer Support | G44: Customer Success Executive | H44: 24000 | I44: 44590 | J44: 4.7 | K44: {=_xlfn.IFS(Table1[[#This Row],[Years_of_Service]]<=2, "0-2 Years", Table1[[#This Row],[Years_of_Service]]<=5, "3-5 Years", Table1[[#This Row],[Years_of_Service]]<=8, "6-8 Years", TRUE, "8 Years")} -> 3-5 Years | L44: Indeed | M44: 65.1 | N44: 87.9 | O44: 4 | P44: 7 | Q44: Resigned | R44: 46219 | S44: West
A45: 44 | B45: Employee_044 | C45: Male | D45: 25 | E45: {=_xlfn.IFS(Table1[[#This Row],[Age]]<=30, "18-30",Table1[[#This Row],[Age]]<=40, "31-40", Table1[[#This Row],[Age]]<=50, "41-50", TRUE, "51-65")} -> 18-30 | F45: Marketing | G45: Marketing Executive | H45: 51000 | I45: 45165 | J45: 3.1 | K45: {=_xlfn.IFS(Table1[[#This Row],[Years_of_Service]]<=2, "0-2 Years", Table1[[#This Row],[Years_of_Service]]<=5, "3-5 Years", Table1[[#This Row],[Years_of_Service]]<=8, "6-8 Years", TRUE, "8 Years")} -> 3-5 Years | L45: LinkedIn | M45: 72.5 | N45: 91.5 | O45: 6 | P45: 13 | Q45: Active | S45: West
A46: 45 | B46: Employee_045 | C46: Male | D46: 57 | E46: {=_xlfn.IFS(Table1[[#This Row],[Age]]<=30, "18-30",Table1[[#This Row],[Age]]<=40, "31-40", Table1[[#This Row],[Age]]<=50, "41-50", TRUE, "51-65")} -> 51-65 | F46: Customer Support | G46: Customer Success Executive | H46: 18000 | I46: 45024 | J46: 3.5 | K46: {=_xlfn.IFS(Table1[[#This Row],[Years_of_Service]]<=2, "0-2 Years", Table1[[#This Row],[Years_of_Service]]<=5, "3-5 Years", Table1[[#This Row],[Years_of_Service]]<=8, "6-8 Years", TRUE, "8 Years")} -> 3-5 Years | L46: Campus Recruitment | M46: 67.8 | N46: 88.8 | O46: 23 | P46: 17 | Q46: Active | S46: Central
A47: 46 | B47: Employee_046 | C47: Male | D47: 38 | E47: {=_xlfn.IFS(Table1[[#This Row],[Age]]<=30, "18-30",Table1[[#This Row],[Age]]<=40, "31-40", Table1[[#This Row],[Age]]<=50, "41-50", TRUE, "51-65")} -> 31-40 | F47: Sales | G47: Sales Manager | H47: 45000 | I47: 45251 | J47: 2.9 | K47: {=_xlfn.IFS(Table1[[#This Row],[Years_of_Service]]<=2, "0-2 Years", Table1[[#This Row],[Years_of_Service]]<=5, "3-5 Years", Table1[[#This Row],[Years_of_Service]]<=8, "6-8 Years", TRUE, "8 Years")} -> 3-5 Years | L47: Naukri | M47: 75.9 | N47: 88.8 | O47: 5 | P47: 14 | Q47: Active | S47: South
A48: 47 | B48: Employee_047 | C48: Male | D48: 46 | E48: {=_xlfn.IFS(Table1[[#This Row],[Age]]<=30, "18-30",Table1[[#This Row],[Age]]<=40, "31-40", Table1[[#This Row],[Age]]<=50, "41-50", TRUE, "51-65")} -> 41-50 | F48: Operations | G48: Process Analyst | H48: 40000 | I48: 45890 | J48: 1.1 | K48: {=_xlfn.IFS(Table1[[#This Row],[Years_of_Service]]<=2, "0-2 Years", Table1[[#This Row],[Years_of_Service]]<=5, "3-5 Years", Table1[[#This Row],[Years_of_Service]]<=8, "6-8 Years", TRUE, "8 Years")} -> 0-2 Years | L48: Indeed | M48: 82.6 | N48: 84.4 | O48: 1 | P48: 8 | Q48: Active | S48: West
A49: 48 | B49: Employee_048 | C49: Female | D49: 41 | E49: {=_xlfn.IFS(Table1[[#This Row],[Age]]<=30, "18-30",Table1[[#This Row],[Age]]<=40, "31-40", Table1[[#This Row],[Age]]<=50, "41-50", TRUE, "51-65")} -> 41-50 | F49: HR | G49: HR Executive | H49: 44000 | I49: 44848 | J49: 4 | K49: {=_xlfn.IFS(Table1[[#This Row],[Years_of_Service]]<=2, "0-2 Years", Table1[[#This Row],[Years_of_Service]]<=5, "3-5 Years", Table1[[#This Row],[Years_of_Service]]<=8, "6-8 Years", TRUE, "8 Years")} -> 3-5 Years | L49: Employee Referral | M49: 87.7 | N49: 88.6 | O49: 2 | P49: 15 | Q49: Active | S49: North
A50: 49 | B50: Employee_049 | C50: Male | D50: 43 | E50: {=_xlfn.IFS(Table1[[#This Row],[Age]]<=30, "18-30",Table1[[#This Row],[Age]]<=40, "31-40", Table1[[#This Row],[Age]]<=50, "41-50", TRUE, "51-65")} -> 41-50 | F50: Marketing | G50: Marketing Manager | H50: 35000 | I50: 44384 | J50: 5.3 | K50: {=_xlfn.IFS(Table1[[#This Row],[Years_of_Service]]<=2, "0-2 Years", Table1[[#This Row],[Years_of_Service]]<=5, "3-5 Years", Table1[[#This Row],[Years_of_Service]]<=8, "6-8 Years", TRUE, "8 Years")} -> 6-8 Years | L50: Indeed | M50: 83 | N50: 95.2 | O50: 0 | P50: 4 | Q50: Active | S50: South
A51: 50 | B51: Employee_050 | C51: Male | D51: 57 | E51: {=_xlfn.IFS(Table1[[#This Row],[Age]]<=30, "18-30",Table1[[#This Row],[Age]]<=40, "31-40", Table1[[#This Row],[Age]]<=50, "41-50", TRUE, "51-65")} -> 51-65 | F51: Sales | G51: Sales Manager | H51: 28000 | I51: 44358 | J51: 5.3 | K51: {=_xlfn.IFS(Table1[[#This Row],[Years_of_Service]]<=2, "0-2 Years", Table1[[#This Row],[Years_of_Service]]<=5, "3-5 Years", Table1[[#This Row],[Years_of_Service]]<=8, "6-8 Years", TRUE, "8 Years")} -> 6-8 Years | L51: Indeed | M51: 75 | N51: 86.5 | O51: 19 | P51: 3 | Q51: Active | S51: South
A52: 51 | B52: Employee_051 | C52: Male | D52: 40 | E52: {=_xlfn.IFS(Table1[[#This Row],[Age]]<=30, "18-30",Table1[[#This Row],[Age]]<=40, "31-40", Table1[[#This Row],[Age]]<=50, "41-50", TRUE, "51-65")} -> 31-40 | F52: HR | G52: HR Executive | H52: 34000 | I52: 45824 | J52: 1.3 | K52: {=_xlfn.IFS(Table1[[#This Row],[Years_of_Service]]<=2, "0-2 Years", Table1[[#This Row],[Years_of_Service]]<=5, "3-5 Years", Table1[[#This Row],[Years_of_Service]]<=8, "6-8 Years", TRUE, "8 Years")} -> 0-2 Years | L52: Campus Recruitment | M52: 72.1 | N52: 94.5 | O52: 22 | P52: 7 | Q52: Active | S52: North
A53: 52 | B53: Employee_052 | C53: Male | D53: 57 | E53: {=_xlfn.IFS(Table1[[#This Row],[Age]]<=30, "18-30",Table1[[#This Row],[Age]]<=40, "31-40", Table1[[#This Row],[Age]]<=50, "41-50", TRUE, "51-65")} -> 51-65 | F53: Marketing | G53: Digital Marketing Analyst | H53: 23000 | I53: 43634 | J53: 7.3 | K53: {=_xlfn.IFS(Table1[[#This Row],[Years_of_Service]]<=2, "0-2 Years", Table1[[#This Row],[Years_of_Service]]<=5, "3-5 Years", Table1[[#This Row],[Years_of_Service]]<=8, "6-8 Years", TRUE, "8 Years")} -> 6-8 Years | L53: LinkedIn | M53: 69.9 | N53: 89.5 | O53: 16 | P53: 10 | Q53: Active | S53: North
A54: 53 | B54: Employee_053 | C54: Female | D54: 27 | E54: {=_xlfn.IFS(Table1[[#This Row],[Age]]<=30, "18-30",Table1[[#This Row],[Age]]<=40, "31-40", Table1[[#This Row],[Age]]<=50, "41-50", TRUE, "51-65")} -> 18-30 | F54: Customer Support | G54: Support Lead | H54: 46000 | I54: 45241 | J54: 2.9 | K54: {=_xlfn.IFS(Table1[[#This Row],[Years_of_Service]]<=2, "0-2 Years", Table1[[#This Row],[Years_of_Service]]<=5, "3-5 Years", Table1[[#This Row],[Years_of_Service]]<=8, "6-8 Years", TRUE, "8 Years")} -> 3-5 Years | L54: Indeed | M54: 90.6 | N54: 94.4 | O54: 23 | P54: 16 | Q54: Active | S54: East
A55: 54 | B55: Employee_054 | C55: Female | D55: 50 | E55: {=_xlfn.IFS(Table1[[#This Row],[Age]]<=30, "18-30",Table1[[#This Row],[Age]]<=40, "31-40", Table1[[#This Row],[Age]]<=50, "41-50", TRUE, "51-65")} -> 41-50 | F55: Operations | G55: Process Analyst | H55: 39000 | I55: 45250 | J55: 2.9 | K55: {=_xlfn.IFS(Table1[[#This Row],[Years_of_Service]]<=2, "0-2 Years", Table1[[#This Row],[Years_of_Service]]<=5, "3-5 Years", Table1[[#This Row],[Years_of_Service]]<=8, "6-8 Years", TRUE, "8 Years")} -> 3-5 Years | L55: Indeed | M55: 90.5 | N55: 92.4 | O55: 2 | P55: 8 | Q55: Active | S55: West
A56: 55 | B56: Employee_055 | C56: Female | D56: 42 | E56: {=_xlfn.IFS(Table1[[#This Row],[Age]]<=30, "18-30",Table1[[#This Row],[Age]]<=40, "31-40", Table1[[#This Row],[Age]]<=50, "41-50", TRUE, "51-65")} -> 41-50 | F56: Sales | G56: Sales Manager | H56: 33000 | I56: 43583 | J56: 7.4 | K56: {=_xlfn.IFS(Table1[[#This Row],[Years_of_Service]]<=2, "0-2 Years", Table1[[#This Row],[Years_of_Service]]<=5, "3-5 Years", Table1[[#This Row],[Years_of_Service]]<=8, "6-8 Years", TRUE, "8 Years")} -> 6-8 Years | L56: Employee Referral | M56: 76 | N56: 88.2 | O56: 8 | P56: 8 | Q56: Active | S56: Central
A57: 56 | B57: Employee_056 | C57: Male | D57: 36 | E57: {=_xlfn.IFS(Table1[[#This Row],[Age]]<=30, "18-30",Table1[[#This Row],[Age]]<=40, "31-40", Table1[[#This Row],[Age]]<=50, "41-50", TRUE, "51-65")} -> 31-40 | F57: IT | G57: Data Analyst | H57: 55000 | I57: 45130 | J57: 3.2 | K57: {=_xlfn.IFS(Table1[[#This Row],[Years_of_Service]]<=2, "0-2 Years", Table1[[#This Row],[Years_of_Service]]<=5, "3-5 Years", Table1[[#This Row],[Years_of_Service]]<=8, "6-8 Years", TRUE, "8 Years")} -> 3-5 Years | L57: Naukri | M57: 76 | N57: 95.3 | O57: 22 | P57: 15 | Q57: Active | S57: West
A58: 57 | B58: Employee_057 | C58: Male | D58: 39 | E58: {=_xlfn.IFS(Table1[[#This Row],[Age]]<=30, "18-30",Table1[[#This Row],[Age]]<=40, "31-40", Table1[[#This Row],[Age]]<=50, "41-50", TRUE, "51-65")} -> 31-40 | F58: Customer Support | G58: Support Executive | H58: 31000 | I58: 44373 | J58: 5.3 | K58: {=_xlfn.IFS(Table1[[#This Row],[Years_of_Service]]<=2, "0-2 Years", Table1[[#This Row],[Years_of_Service]]<=5, "3-5 Years", Table1[[#This Row],[Years_of_Service]]<=8, "6-8 Years", TRUE, "8 Years")} -> 6-8 Years | L58: Employee Referral | M58: 83.6 | N58: 88.5 | O58: 13 | P58: 17 | Q58: Resigned | R58: 45758 | S58: East
A59: 58 | B59: Employee_058 | C59: Female | D59: 38 | E59: {=_xlfn.IFS(Table1[[#This Row],[Age]]<=30, "18-30",Table1[[#This Row],[Age]]<=40, "31-40", Table1[[#This Row],[Age]]<=50, "41-50", TRUE, "51-65")} -> 31-40 | F59: HR | G59: Recruiter | H59: 49000 | I59: 44721 | J59: 4.3 | K59: {=_xlfn.IFS(Table1[[#This Row],[Years_of_Service]]<=2, "0-2 Years", Table1[[#This Row],[Years_of_Service]]<=5, "3-5 Years", Table1[[#This Row],[Years_of_Service]]<=8, "6-8 Years", TRUE, "8 Years")} -> 3-5 Years | L59: Employee Referral | M59: 65.8 | N59: 84.1 | O59: 3 | P59: 17 | Q59: Active | S59: South
A60: 59 | B60: Employee_059 | C60: Female | D60: 38 | E60: {=_xlfn.IFS(Table1[[#This Row],[Age]]<=30, "18-30",Table1[[#This Row],[Age]]<=40, "31-40", Table1[[#This Row],[Age]]<=50, "41-50", TRUE, "51-65")} -> 31-40 | F60: Sales | G60: Sales Executive | H60: 53000 | I60: 45880 | J60: 1.2 | K60: {=_xlfn.IFS(Table1[[#This Row],[Years_of_Service]]<=2, "0-2 Years", Table1[[#This Row],[Years_of_Service]]<=5, "3-5 Years", Table1[[#This Row],[Years_of_Service]]<=8, "6-8 Years", TRUE, "8 Years")} -> 0-2 Years | L60: Employee Referral | M60: 67.2 | N60: 83.8 | O60: 7 | P60: 11 | Q60: Active | S60: South
A61: 60 | B61: Employee_060 | C61: Male | D61: 38 | E61: {=_xlfn.IFS(Table1[[#This Row],[Age]]<=30, "18-30",Table1[[#This Row],[Age]]<=40, "31-40", Table1[[#This Row],[Age]]<=50, "41-50", TRUE, "51-65")} -> 31-40 | F61: HR | G61: HR Executive | H61: 43000 | I61: 43652 | J61: 7.3 | K61: {=_xlfn.IFS(Table1[[#This Row],[Years_of_Service]]<=2, "0-2 Years", Table1[[#This Row],[Years_of_Service]]<=5, "3-5 Years", Table1[[#This Row],[Years_of_Service]]<=8, "6-8 Years", TRUE, "8 Years")} -> 6-8 Years | L61: Naukri | M61: 96.9 | N61: 91.7 | O61: 24 | P61: 15 | Q61: Active | S61: North
A62: 61 | B62: Employee_061 | C62: Female | D62: 51 | E62: {=_xlfn.IFS(Table1[[#This Row],[Age]]<=30, "18-30",Table1[[#This Row],[Age]]<=40, "31-40", Table1[[#This Row],[Age]]<=50, "41-50", TRUE, "51-65")} -> 51-65 | F62: Customer Support | G62: Support Executive | H62: 31000 | I62: 45426 | J62: 2.4 | K62: {=_xlfn.IFS(Table1[[#This Row],[Years_of_Service]]<=2, "0-2 Years", Table1[[#This Row],[Years_of_Service]]<=5, "3-5 Years", Table1[[#This Row],[Years_of_Service]]<=8, "6-8 Years", TRUE, "8 Years")} -> 3-5 Years | L62: LinkedIn | M62: 57.2 | N62: 98.5 | O62: 2 | P62: 12 | Q62: Active | S62: West
A63: 62 | B63: Employee_062 | C63: Male | D63: 30 | E63: {=_xlfn.IFS(Table1[[#This Row],[Age]]<=30, "18-30",Table1[[#This Row],[Age]]<=40, "31-40", Table1[[#This Row],[Age]]<=50, "41-50", TRUE, "51-65")} -> 18-30 | F63: IT | G63: Software Developer | H63: 57000 | I63: 45771 | J63: 1.5 | K63: {=_xlfn.IFS(Table1[[#This Row],[Years_of_Service]]<=2, "0-2 Years", Table1[[#This Row],[Years_of_Service]]<=5, "3-5 Years", Table1[[#This Row],[Years_of_Service]]<=8, "6-8 Years", TRUE, "8 Years")} -> 0-2 Years | L63: LinkedIn | M63: 95.8 | N63: 83.5 | O63: 17 | P63: 13 | Q63: Active | S63: Central
A64: 63 | B64: Employee_063 | C64: Male | D64: 54 | E64: {=_xlfn.IFS(Table1[[#This Row],[Age]]<=30, "18-30",Table1[[#This Row],[Age]]<=40, "31-40", Table1[[#This Row],[Age]]<=50, "41-50", TRUE, "51-65")} -> 51-65 | F64: Operations | G64: Process Analyst | H64: 33000 | I64: 45024 | J64: 3.5 | K64: {=_xlfn.IFS(Table1[[#This Row],[Years_of_Service]]<=2, "0-2 Years", Table1[[#This Row],[Years_of_Service]]<=5, "3-5 Years", Table1[[#This Row],[Years_of_Service]]<=8, "6-8 Years", TRUE, "8 Years")} -> 3-5 Years | L64: Campus Recruitment | M64: 92 | N64: 99.3 | O64: 19 | P64: 1 | Q64: Active | S64: Central
A65: 64 | B65: Employee_064 | C65: Male | D65: 34 | E65: {=_xlfn.IFS(Table1[[#This Row],[Age]]<=30, "18-30",Table1[[#This Row],[Age]]<=40, "31-40", Table1[[#This Row],[Age]]<=50, "41-50", TRUE, "51-65")} -> 31-40 | F65: Marketing | G65: Marketing Executive | H65: 49000 | I65: 44549 | J65: 4.8 | K65: {=_xlfn.IFS(Table1[[#This Row],[Years_of_Service]]<=2, "0-2 Years", Table1[[#This Row],[Years_of_Service]]<=5, "3-5 Years", Table1[[#This Row],[Years_of_Service]]<=8, "6-8 Years", TRUE, "8 Years")} -> 3-5 Years | L65: Campus Recruitment | M65: 83.4 | N65: 84.7 | O65: 2 | P65: 5 | Q65: Active | S65: North
A66: 65 | B66: Employee_065 | C66: Female | D66: 39 | E66: {=_xlfn.IFS(Table1[[#This Row],[Age]]<=30, "18-30",Table1[[#This Row],[Age]]<=40, "31-40", Table1[[#This Row],[Age]]<=50, "41-50", TRUE, "51-65")} -> 31-40 | F66: Finance | G66: Financial Analyst | H66: 54000 | I66: 43599 | J66: 7.4 | K66: {=_xlfn.IFS(Table1[[#This Row],[Years_of_Service]]<=2, "0-2 Years", Table1[[#This Row],[Years_of_Service]]<=5, "3-5 Years", Table1[[#This Row],[Years_of_Service]]<=8, "6-8 Years", TRUE, "8 Years")} -> 6-8 Years | L66: Employee Referral | M66: 85.2 | N66: 89.9 | O66: 20 | P66: 18 | Q66: Active | S66: South
A67: 66 | B67: Employee_066 | C67: Male | D67: 30 | E67: {=_xlfn.IFS(Table1[[#This Row],[Age]]<=30, "18-30",Table1[[#This Row],[Age]]<=40, "31-40", Table1[[#This Row],[Age]]<=50, "41-50", TRUE, "51-65")} -> 18-30 | F67: Finance | G67: Accountant | H67: 69000 | I67: 44554 | J67: 4.8 | K67: {=_xlfn.IFS(Table1[[#This Row],[Years_of_Service]]<=2, "0-2 Years", Table1[[#This Row],[Years_of_Service]]<=5, "3-5 Years", Table1[[#This Row],[Years_of_Service]]<=8, "6-8 Years", TRUE, "8 Years")} -> 3-5 Years | L67: Employee Referral | M67: 90.5 | N67: 83.2 | O67: 19 | P67: 18 | Q67: Active | S67: East
A68: 67 | B68: Employee_067 | C68: Female | D68: 40 | E68: {=_xlfn.IFS(Table1[[#This Row],[Age]]<=30, "18-30",Table1[[#This Row],[Age]]<=40, "31-40", Table1[[#This Row],[Age]]<=50, "41-50", TRUE, "51-65")} -> 31-40 | F68: Finance | G68: Accountant | H68: 64000 | I68: 45114 | J68: 3.3 | K68: {=_xlfn.IFS(Table1[[#This Row],[Years_of_Service]]<=2, "0-2 Years", Table1[[#This Row],[Years_of_Service]]<=5, "3-5 Years", Table1[[#This Row],[Years_of_Service]]<=8, "6-8 Years", TRUE, "8 Years")} -> 3-5 Years | L68: Company Website | M68: 76.2 | N68: 83.4 | O68: 23 | P68: 10 | Q68: Active | S68: Central
A69: 68 | B69: Employee_068 | C69: Male | D69: 35 | E69: {=_xlfn.IFS(Table1[[#This Row],[Age]]<=30, "18-30",Table1[[#This Row],[Age]]<=40, "31-40", Table1[[#This Row],[Age]]<=50, "41-50", TRUE, "51-65")} -> 31-40 | F69: HR | G69: HR Executive | H69: 40000 | I69: 46227 | J69: 0.2 | K69: {=_xlfn.IFS(Table1[[#This Row],[Years_of_Service]]<=2, "0-2 Years", Table1[[#This Row],[Years_of_Service]]<=5, "3-5 Years", Table1[[#This Row],[Years_of_Service]]<=8, "6-8 Years", TRUE, "8 Years")} -> 0-2 Years | L69: Naukri | M69: 90.9 | N69: 92.1 | O69: 8 | P69: 18 | Q69: Active | S69: North
A70: 69 | B70: Employee_069 | C70: Female | D70: 54 | E70: {=_xlfn.IFS(Table1[[#This Row],[Age]]<=30, "18-30",Table1[[#This Row],[Age]]<=40, "31-40", Table1[[#This Row],[Age]]<=50, "41-50", TRUE, "51-65")} -> 51-65 | F70: Customer Support | G70: Support Executive | H70: 30000 | I70: 46134 | J70: 0.5 | K70: {=_xlfn.IFS(Table1[[#This Row],[Years_of_Service]]<=2, "0-2 Years", Table1[[#This Row],[Years_of_Service]]<=5, "3-5 Years", Table1[[#This Row],[Years_of_Service]]<=8, "6-8 Years", TRUE, "8 Years")} -> 0-2 Years | L70: LinkedIn | M70: 97.9 | N70: 89.6 | O70: 15 | P70: 11 | Q70: Active | S70: West
... A74: 73 | B74: Employee_073 | C74: Male | D74: 40 | E74: {=_xlfn.IFS(Table1[[#This Row],[Age]]<=30, "18-30",Table1[[#This Row],[Age]]<=40, "31-40", Table1[[#This Row],[Age]]<=50, "41-50", TRUE, "51-65")} -> 31-40 | F74: IT | G74: Data Analyst | H74: 67000 | I74: 45722 | J74: 1.6 | K74: {=_xlfn.IFS(Table1[[#This Row],[Years_of_Service]]<=2, "0-2 Years", Table1[[#This Row],[Years_of_Service]]<=5, "3-5 Years", Table1[[#This Row],[Years_of_Service]]<=8, "6-8 Years", TRUE, "8 Years")} -> 0-2 Years | L74: Company Website | M74: 64.7 | N74: 96.7 | O74: 3 | P74: 4 | Q74: Active | S74: West
A75: 74 | B75: Employee_074 | C75: Female | D75: 47 | E75: {=_xlfn.IFS(Table1[[#This Row],[Age]]<=30, "18-30",Table1[[#This Row],[Age]]<=40, "31-40", Table1[[#This Row],[Age]]<=50, "41-50", TRUE, "51-65")} -> 41-50 | F75: Marketing | G75: Digital Marketing Analyst | H75: 46000 | I75: 45442 | J75: 2.4 | K75: {=_xlfn.IFS(Table1[[#This Row],[Years_of_Service]]<=2, "0-2 Years", Table1[[#This Row],[Years_of_Service]]<=5, "3-5 Years", Table1[[#This Row],[Years_of_Service]]<=8, "6-8 Years", TRUE, "8 Years")} -> 3-5 Years | L75: Company Website | M75: 97.2 | N75: 86.3 | O75: 6 | P75: 16 | Q75: Resigned | R75: 46153 | S75: South
A76: 75 | B76: Employee_075 | C76: Female | D76: 47 | E76: {=_xlfn.IFS(Table1[[#This Row],[Age]]<=30, "18-30",Table1[[#This Row],[Age]]<=40, "31-40", Table1[[#This Row],[Age]]<=50, "41-50", TRUE, "51-65")} -> 41-50 | F76: Customer Support | G76: Support Executive | H76: 44000 | I76: 44858 | J76: 4 | K76: {=_xlfn.IFS(Table1[[#This Row],[Years_of_Service]]<=2, "0-2 Years", Table1[[#This Row],[Years_of_Service]]<=5, "3-5 Years", Table1[[#This Row],[Years_of_Service]]<=8, "6-8 Years", TRUE, "8 Years")} -> 3-5 Years | L76: Campus Recruitment | M76: 90.3 | N76: 86.9 | O76: 18 | P76: 15 | Q76: Active | S76: South
A77: 76 | B77: Employee_076 | C77: Female | D77: 43 | E77: {=_xlfn.IFS(Table1[[#This Row],[Age]]<=30, "18-30",Table1[[#This Row],[Age]]<=40, "31-40", Table1[[#This Row],[Age]]<=50, "41-50", TRUE, "51-65")} -> 41-50 | F77: Finance | G77: Finance Manager | H77: 46000 | I77: 44827 | J77: 4 | K77: {=_xlfn.IFS(Table1[[#This Row],[Years_of_Service]]<=2, "0-2 Years", Table1[[#This Row],[Years_of_Service]]<=5, "3-5 Years", Table1[[#This Row],[Years_of_Service]]<=8, "6-8 Years", TRUE, "8 Years")} -> 3-5 Years | L77: Employee Referral | M77: 78.7 | N77: 91.5 | O77: 6 | P77: 7 | Q77: Active | S77: Central
A78: 77 | B78: Employee_077 | C78: Female | D78: 23 | E78: {=_xlfn.IFS(Table1[[#This Row],[Age]]<=30, "18-30",Table1[[#This Row],[Age]]<=40, "31-40", Table1[[#This Row],[Age]]<=50, "41-50", TRUE, "51-65")} -> 18-30 | F78: Finance | G78: Accountant | H78: 51000 | I78: 44769 | J78: 4.2 | K78: {=_xlfn.IFS(Table1[[#This Row],[Years_of_Service]]<=2, "0-2 Years", Table1[[#This Row],[Years_of_Service]]<=5, "3-5 Years", Table1[[#This Row],[Years_of_Service]]<=8, "6-8 Years", TRUE, "8 Years")} -> 3-5 Years | L78: Company Website | M78: 89.9 | N78: 88.8 | O78: 1 | P78: 4 | Q78: Active | S78: Central
A79: 78 | B79: Employee_078 | C79: Male | D79: 49 | E79: {=_xlfn.IFS(Table1[[#This Row],[Age]]<=30, "18-30",Table1[[#This Row],[Age]]<=40, "31-40", Table1[[#This Row],[Age]]<=50, "41-50", TRUE, "51-65")} -> 41-50 | F79: Operations | G79: Operations Manager | H79: 28000 | I79: 43874 | J79: 6.6 | K79: {=_xlfn.IFS(Table1[[#This Row],[Years_of_Service]]<=2, "0-2 Years", Table1[[#This Row],[Years_of_Service]]<=5, "3-5 Years", Table1[[#This Row],[Years_of_Service]]<=8, "6-8 Years", TRUE, "8 Years")} -> 6-8 Years | L79: Company Website | M79: 77.6 | N79: 90 | O79: 20 | P79: 4 | Q79: Active | S79: North
A80: 79 | B80: Employee_079 | C80: Female | D80: 46 | E80: {=_xlfn.IFS(Table1[[#This Row],[Age]]<=30, "18-30",Table1[[#This Row],[Age]]<=40, "31-40", Table1[[#This Row],[Age]]<=50, "41-50", TRUE, "51-65")} -> 41-50 | F80: Finance | G80: Financial Analyst | H80: 60000 | I80: 46127 | J80: 0.5 | K80: {=_xlfn.IFS(Table1[[#This Row],[Years_of_Service]]<=2, "0-2 Years", Table1[[#This Row],[Years_of_Service]]<=5, "3-5 Years", Table1[[#This Row],[Years_of_Service]]<=8, "6-8 Years", TRUE, "8 Years")} -> 0-2 Years | L80: Naukri | M80: 84 | N80: 91.3 | O80: 22 | P80: 15 | Q80: Active | S80: Central
A81: 80 | B81: Employee_080 | C81: Male | D81: 39 | E81: {=_xlfn.IFS(Table1[[#This Row],[Age]]<=30, "18-30",Table1[[#This Row],[Age]]<=40, "31-40", Table1[[#This Row],[Age]]<=50, "41-50", TRUE, "51-65")} -> 31-40 | F81: IT | G81: Software Developer | H81: 60000 | I81: 44397 | J81: 5.2 | K81: {=_xlfn.IFS(Table1[[#This Row],[Years_of_Service]]<=2, "0-2 Years", Table1[[#This Row],[Years_of_Service]]<=5, "3-5 Years", Table1[[#This Row],[Years_of_Service]]<=8, "6-8 Years", TRUE, "8 Years")} -> 6-8 Years | L81: Naukri | M81: 87.1 | N81: 89.6 | O81: 22 | P81: 3 | Q81: Active | S81: West
A82: 81 | B82: Employee_081 | C82: Female | D82: 22 | E82: {=_xlfn.IFS(Table1[[#This Row],[Age]]<=30, "18-30",Table1[[#This Row],[Age]]<=40, "31-40", Table1[[#This Row],[Age]]<=50, "41-50", TRUE, "51-65")} -> 18-30 | F82: Sales | G82: Business Development Executive | H82: 40000 | I82: 43654 | J82: 7.2 | K82: {=_xlfn.IFS(Table1[[#This Row],[Years_of_Service]]<=2, "0-2 Years", Table1[[#This Row],[Years_of_Service]]<=5, "3-5 Years", Table1[[#This Row],[Years_of_Service]]<=8, "6-8 Years", TRUE, "8 Years")} -> 6-8 Years | L82: Campus Recruitment | M82: 70.4 | N82: 89.5 | O82: 13 | P82: 18 | Q82: Active | S82: South
A83: 82 | B83: Employee_082 | C83: Male | D83: 45 | E83: {=_xlfn.IFS(Table1[[#This Row],[Age]]<=30, "18-30",Table1[[#This Row],[Age]]<=40, "31-40", Table1[[#This Row],[Age]]<=50, "41-50", TRUE, "51-65")} -> 41-50 | F83: Sales | G83: Sales Executive | H83: 44000 | I83: 46004 | J83: 0.8 | K83: {=_xlfn.IFS(Table1[[#This Row],[Years_of_Service]]<=2, "0-2 Years", Table1[[#This Row],[Years_of_Service]]<=5, "3-5 Years", Table1[[#This Row],[Years_of_Service]]<=8, "6-8 Years", TRUE, "8 Years")} -> 0-2 Years | L83: Indeed | M83: 84.4 | N83: 90.7 | O83: 14 | P83: 8 | Q83: Resigned | R83: 46155 | S83: West
A84: 83 | B84: Employee_083 | C84: Male | D84: 50 | E84: {=_xlfn.IFS(Table1[[#This Row],[Age]]<=30, "18-30",Table1[[#This Row],[Age]]<=40, "31-40", Table1[[#This Row],[Age]]<=50, "41-50", TRUE, "51-65")} -> 41-50 | F84: HR | G84: Recruiter | H84: 42000 | I84: 44644 | J84: 4.5 | K84: {=_xlfn.IFS(Table1[[#This Row],[Years_of_Service]]<=2, "0-2 Years", Table1[[#This Row],[Years_of_Service]]<=5, "3-5 Years", Table1[[#This Row],[Years_of_Service]]<=8, "6-8 Years", TRUE, "8 Years")} -> 3-5 Years | L84: Naukri | M84: 74 | N84: 88 | O84: 13 | P84: 8 | Q84: Resigned | R84: 45995 | S84: West
A85: 84 | B85: Employee_084 | C85: Male | D85: 45 | E85: {=_xlfn.IFS(Table1[[#This Row],[Age]]<=30, "18-30",Table1[[#This Row],[Age]]<=40, "31-40", Table1[[#This Row],[Age]]<=50, "41-50", TRUE, "51-65")} -> 41-50 | F85: Customer Support | G85: Support Lead | H85: 31000 | I85: 45445 | J85: 2.3 | K85: {=_xlfn.IFS(Table1[[#This Row],[Years_of_Service]]<=2, "0-2 Years", Table1[[#This Row],[Years_of_Service]]<=5, "3-5 Years", Table1[[#This Row],[Years_of_Service]]<=8, "6-8 Years", TRUE, "8 Years")} -> 3-5 Years | L85: Campus Recruitment | M85: 59.6 | N85: 88.7 | O85: 9 | P85: 9 | Q85: Active | S85: North
A86: 85 | B86: Employee_085 | C86: Female | D86: 38 | E86: {=_xlfn.IFS(Table1[[#This Row],[Age]]<=30, "18-30",Table1[[#This Row],[Age]]<=40, "31-40", Table1[[#This Row],[Age]]<=50, "41-50", TRUE, "51-65")} -> 31-40 | F86: Customer Support | G86: Customer Success Executive | H86: 24000 | I86: 43499 | J86: 7.7 | K86: {=_xlfn.IFS(Table1[[#This Row],[Years_of_Service]]<=2, "0-2 Years", Table1[[#This Row],[Years_of_Service]]<=5, "3-5 Years", Table1[[#This Row],[Years_of_Service]]<=8, "6-8 Years", TRUE, "8 Years")} -> 6-8 Years | L86: Employee Referral | M86: 87 | N86: 82.9 | O86: 24 | P86: 7 | Q86: Resigned | R86: 45793 | S86: Central
A87: 86 | B87: Employee_086 | C87: Male | D87: 33 | E87: {=_xlfn.IFS(Table1[[#This Row],[Age]]<=30, "18-30",Table1[[#This Row],[Age]]<=40, "31-40", Table1[[#This Row],[Age]]<=50, "41-50", TRUE, "51-65")} -> 31-40 | F87: Customer Support | G87: Support Lead | H87: 31000 | I87: 46009 | J87: 0.8 | K87: {=_xlfn.IFS(Table1[[#This Row],[Years_of_Service]]<=2, "0-2 Years", Table1[[#This Row],[Years_of_Service]]<=5, "3-5 Years", Table1[[#This Row],[Years_of_Service]]<=8, "6-8 Years", TRUE, "8 Years")} -> 0-2 Years | L87: Naukri | M87: 65.8 | N87: 95.2 | O87: 3 | P87: 1 | Q87: Active | S87: East
A88: 87 | B88: Employee_087 | C88: Male | D88: 58 | E88: {=_xlfn.IFS(Table1[[#This Row],[Age]]<=30, "18-30",Table1[[#This Row],[Age]]<=40, "31-40", Table1[[#This Row],[Age]]<=50, "41-50", TRUE, "51-65")} -> 51-65 | F88: Customer Support | G88: Support Lead | H88: 35000 | I88: 44960 | J88: 3.7 | K88: {=_xlfn.IFS(Table1[[#This Row],[Years_of_Service]]<=2, "0-2 Years", Table1[[#This Row],[Years_of_Service]]<=5, "3-5 Years", Table1[[#This Row],[Years_of_Service]]<=8, "6-8 Years", TRUE, "8 Years")} -> 3-5 Years | L88: Indeed | M88: 67.7 | N88: 95.1 | O88: 4 | P88: 17 | Q88: Active | S88: East
A89: 88 | B89: Employee_088 | C89: Female | D89: 31 | E89: {=_xlfn.IFS(Table1[[#This Row],[Age]]<=30, "18-30",Table1[[#This Row],[Age]]<=40, "31-40", Table1[[#This Row],[Age]]<=50, "41-50", TRUE, "51-65")} -> 31-40 | F89: Operations | G89: Process Analyst | H89: 38000 | I89: 44518 | J89: 4.9 | K89: {=_xlfn.IFS(Table1[[#This Row],[Years_of_Service]]<=2, "0-2 Years", Table1[[#This Row],[Years_of_Service]]<=5, "3-5 Years", Table1[[#This Row],[Years_of_Service]]<=8, "6-8 Years", TRUE, "8 Years")} -> 3-5 Years | L89: Naukri | M89: 94.3 | N89: 98.5 | O89: 10 | P89: 3 | Q89: Active | S89: West
A90: 89 | B90: Employee_089 | C90: Male | D90: 46 | E90: {=_xlfn.IFS(Table1[[#This Row],[Age]]<=30, "18-30",Table1[[#This Row],[Age]]<=40, "31-40", Table1[[#This Row],[Age]]<=50, "41-50", TRUE, "51-65")} -> 41-50 | F90: IT | G90: Data Analyst | H90: 40000 | I90: 45748 | J90: 1.5 | K90: {=_xlfn.IFS(Table1[[#This Row],[Years_of_Service]]<=2, "0-2 Years", Table1[[#This Row],[Years_of_Service]]<=5, "3-5 Years", Table1[[#This Row],[Years_of_Service]]<=8, "6-8 Years", TRUE, "8 Years")} -> 0-2 Years | L90: Employee Referral | M90: 55.6 | N90: 91.4 | O90: 21 | P90: 8 | Q90: Active | S90: Central
A91: 90 | B91: Employee_090 | C91: Female | D91: 27 | E91: {=_xlfn.IFS(Table1[[#This Row],[Age]]<=30, "18-30",Table1[[#This Row],[Age]]<=40, "31-40", Table1[[#This Row],[Age]]<=50, "41-50", TRUE, "51-65")} -> 18-30 | F91: Finance | G91: Finance Manager | H91: 67000 | I91: 46230 | J91: 0.2 | K91: {=_xlfn.IFS(Table1[[#This Row],[Years_of_Service]]<=2, "0-2 Years", Table1[[#This Row],[Years_of_Service]]<=5, "3-5 Years", Table1[[#This Row],[Years_of_Service]]<=8, "6-8 Years", TRUE, "8 Years")} -> 0-2 Years | L91: Employee Referral | M91: 65.1 | N91: 82.4 | O91: 19 | P91: 7 | Q91: Active | S91: North
A92: 91 | B92: Employee_091 | C92: Female | D92: 47 | E92: {=_xlfn.IFS(Table1[[#This Row],[Age]]<=30, "18-30",Table1[[#This Row],[Age]]<=40, "31-40", Table1[[#This Row],[Age]]<=50, "41-50", TRUE, "51-65")} -> 41-50 | F92: Marketing | G92: Digital Marketing Analyst | H92: 61000 | I92: 43943 | J92: 6.5 | K92: {=_xlfn.IFS(Table1[[#This Row],[Years_of_Service]]<=2, "0-2 Years", Table1[[#This Row],[Years_of_Service]]<=5, "3-5 Years", Table1[[#This Row],[Years_of_Service]]<=8, "6-8 Years", TRUE, "8 Years")} -> 6-8 Years | L92: Indeed | M92: 68.1 | N92: 90.6 | O92: 17 | P92: 4 | Q92: Active | S92: West
A93: 92 | B93: Employee_092 | C93: Female | D93: 58 | E93: {=_xlfn.IFS(Table1[[#This Row],[Age]]<=30, "18-30",Table1[[#This Row],[Age]]<=40, "31-40", Table1[[#This Row],[Age]]<=50, "41-50", TRUE, "51-65")} -> 51-65 | F93: Finance | G93: Financial Analyst | H93: 73000 | I93: 44098 | J93: 6 | K93: {=_xlfn.IFS(Table1[[#This Row],[Years_of_Service]]<=2, "0-2 Years", Table1[[#This Row],[Years_of_Service]]<=5, "3-5 Years", Table1[[#This Row],[Years_of_Service]]<=8, "6-8 Years", TRUE, "8 Years")} -> 6-8 Years | L93: Campus Recruitment | M93: 93.1 | N93: 93.5 | O93: 13 | P93: 8 | Q93: Active | S93: North
A94: 93 | B94: Employee_093 | C94: Male | D94: 49 | E94: {=_xlfn.IFS(Table1[[#This Row],[Age]]<=30, "18-30",Table1[[#This Row],[Age]]<=40, "31-40", Table1[[#This Row],[Age]]<=50, "41-50", TRUE, "51-65")} -> 41-50 | F94: Marketing | G94: Digital Marketing Analyst | H94: 64000 | I94: 45287 | J94: 2.8 | K94: {=_xlfn.IFS(Table1[[#This Row],[Years_of_Service]]<=2, "0-2 Years", Table1[[#This Row],[Years_of_Service]]<=5, "3-5 Years", Table1[[#This Row],[Years_of_Service]]<=8, "6-8 Years", TRUE, "8 Years")} -> 3-5 Years | L94: Employee Referral | M94: 59.3 | N94: 94 | O94: 1 | P94: 12 | Q94: Resigned | R94: 45641 | S94: East
A95: 94 | B95: Employee_094 | C95: Female | D95: 26 | E95: {=_xlfn.IFS(Table1[[#This Row],[Age]]<=30, "18-30",Table1[[#This Row],[Age]]<=40, "31-40", Table1[[#This Row],[Age]]<=50, "41-50", TRUE, "51-65")} -> 18-30 | F95: Sales | G95: Sales Executive | H95: 36000 | I95: 46180 | J95: 0.3 | K95: {=_xlfn.IFS(Table1[[#This Row],[Years_of_Service]]<=2, "0-2 Years", Table1[[#This Row],[Years_of_Service]]<=5, "3-5 Years", Table1[[#This Row],[Years_of_Service]]<=8, "6-8 Years", TRUE, "8 Years")} -> 0-2 Years | L95: LinkedIn | M95: 64.1 | N95: 93.2 | O95: 10 | P95: 7 | Q95: Active | S95: South
A96: 95 | B96: Employee_095 | C96: Male | D96: 25 | E96: {=_xlfn.IFS(Table1[[#This Row],[Age]]<=30, "18-30",Table1[[#This Row],[Age]]<=40, "31-40", Table1[[#This Row],[Age]]<=50, "41-50", TRUE, "51-65")} -> 18-30 | F96: Customer Support | G96: Customer Success Executive | H96: 37000 | I96: 45736 | J96: 1.5 | K96: {=_xlfn.IFS(Table1[[#This Row],[Years_of_Service]]<=2, "0-2 Years", Table1[[#This Row],[Years_of_Service]]<=5, "3-5 Years", Table1[[#This Row],[Years_of_Service]]<=8, "6-8 Years", TRUE, "8 Years")} -> 0-2 Years | L96: Campus Recruitment | M96: 92.4 | N96: 87.7 | O96: 0 | P96: 8 | Q96: Active | S96: South
A97: 96 | B97: Employee_096 | C97: Female | D97: 32 | E97: {=_xlfn.IFS(Table1[[#This Row],[Age]]<=30, "18-30",Table1[[#This Row],[Age]]<=40, "31-40", Table1[[#This Row],[Age]]<=50, "41-50", TRUE, "51-65")} -> 31-40 | F97: Sales | G97: Business Development Executive | H97: 48000 | I97: 43916 | J97: 6.5 | K97: {=_xlfn.IFS(Table1[[#This Row],[Years_of_Service]]<=2, "0-2 Years", Table1[[#This Row],[Years_of_Service]]<=5, "3-5 Years", Table1[[#This Row],[Years_of_Service]]<=8, "6-8 Years", TRUE, "8 Years")} -> 6-8 Years | L97: Employee Referral | M97: 83.4 | N97: 82.5 | O97: 7 | P97: 18 | Q97: Active | S97: East
A98: 97 | B98: Employee_097 | C98: Female | D98: 24 | E98: {=_xlfn.IFS(Table1[[#This Row],[Age]]<=30, "18-30",Table1[[#This Row],[Age]]<=40, "31-40", Table1[[#This Row],[Age]]<=50, "41-50", TRUE, "51-65")} -> 18-30 | F98: IT | G98: Data Analyst | H98: 54000 | I98: 43985 | J98: 6.3 | K98: {=_xlfn.IFS(Table1[[#This Row],[Years_of_Service]]<=2, "0-2 Years", Table1[[#This Row],[Years_of_Service]]<=5, "3-5 Years", Table1[[#This Row],[Years_of_Service]]<=8, "6-8 Years", TRUE, "8 Years")} -> 6-8 Years | L98: Campus Recruitment | M98: 87.1 | N98: 90.3 | O98: 18 | P98: 3 | Q98: Active | S98: West
A99: 98 | B99: Employee_098 | C99: Male | D99: 54 | E99: {=_xlfn.IFS(Table1[[#This Row],[Age]]<=30, "18-30",Table1[[#This Row],[Age]]<=40, "31-40", Table1[[#This Row],[Age]]<=50, "41-50", TRUE, "51-65")} -> 51-65 | F99: Operations | G99: Operations Executive | H99: 31000 | I99: 44701 | J99: 4.4 | K99: {=_xlfn.IFS(Table1[[#This Row],[Years_of_Service]]<=2, "0-2 Years", Table1[[#This Row],[Years_of_Service]]<=5, "3-5 Years", Table1[[#This Row],[Years_of_Service]]<=8, "6-8 Years", TRUE, "8 Years")} -> 3-5 Years | L99: Company Website | M99: 74.7 | N99: 98.9 | O99: 12 | P99: 13 | Q99: Active | S99: North
A100: 99 | B100: Employee_099 | C100: Female | D100: 25 | E100: {=_xlfn.IFS(Table1[[#This Row],[Age]]<=30, "18-30",Table1[[#This Row],[Age]]<=40, "31-40", Table1[[#This Row],[Age]]<=50, "41-50", TRUE, "51-65")} -> 18-30 | F100: Finance | G100: Finance Manager | H100: 49000 | I100: 43796 | J100: 6.9 | K100: {=_xlfn.IFS(Table1[[#This Row],[Years_of_Service]]<=2, "0-2 Years", Table1[[#This Row],[Years_of_Service]]<=5, "3-5 Years", Table1[[#This Row],[Years_of_Service]]<=8, "6-8 Years", TRUE, "8 Years")} -> 6-8 Years | L100: Naukri | M100: 60.4 | N100: 92.9 | O100: 10 | P100: 12 | Q100: Resigned | R100: 45740 | S100: Central
A101: 100 | B101: Employee_100 | C101: Female | D101: 53 | E101: {=_xlfn.IFS(Table1[[#This Row],[Age]]<=30, "18-30",Table1[[#This Row],[Age]]<=40, "31-40", Table1[[#This Row],[Age]]<=50, "41-50", TRUE, "51-65")} -> 51-65 | F101: Operations | G101: Operations Manager | H101: 47000 | I101: 45945 | J101: 1 | K101: {=_xlfn.IFS(Table1[[#This Row],[Years_of_Service]]<=2, "0-2 Years", Table1[[#This Row],[Years_of_Service]]<=5, "3-5 Years", Table1[[#This Row],[Years_of_Service]]<=8, "6-8 Years", TRUE, "8 Years")} -> 0-2 Years | L101: Naukri | M101: 73.5 | N101: 95.9 | O101: 20 | P101: 17 | Q101: Active | S101: South
A102: 101 | B102: Employee_101 | C102: Male | D102: 47 | E102: {=_xlfn.IFS(Table1[[#This Row],[Age]]<=30, "18-30",Table1[[#This Row],[Age]]<=40, "31-40", Table1[[#This Row],[Age]]<=50, "41-50", TRUE, "51-65")} -> 41-50 | F102: Finance | G102: Financial Analyst | H102: 57000 | I102: 44854 | J102: 4 | K102: {=_xlfn.IFS(Table1[[#This Row],[Years_of_Service]]<=2, "0-2 Years", Table1[[#This Row],[Years_of_Service]]<=5, "3-5 Years", Table1[[#This Row],[Years_of_Service]]<=8, "6-8 Years", TRUE, "8 Years")} -> 3-5 Years | L102: Naukri | M102: 86.4 | N102: 87.5 | O102: 8 | P102: 11 | Q102: Active | S102: South
A103: 102 | B103: Employee_102 | C103: Male | D103: 26 | E103: {=_xlfn.IFS(Table1[[#This Row],[Age]]<=30, "18-30",Table1[[#This Row],[Age]]<=40, "31-40", Table1[[#This Row],[Age]]<=50, "41-50", TRUE, "51-65")} -> 18-30 | F103: Marketing | G103: Digital Marketing Analyst | H103: 36000 | I103: 43815 | J103: 6.8 | K103: {=_xlfn.IFS(Table1[[#This Row],[Years_of_Service]]<=2, "0-2 Years", Table1[[#This Row],[Years_of_Service]]<=5, "3-5 Years", Table1[[#This Row],[Years_of_Service]]<=8, "6-8 Years", TRUE, "8 Years")} -> 6-8 Years | L103: Indeed | M103: 59 | N103: 83.7 | O103: 17 | P103: 1 | Q103: Active | S103: Central
...

Sheet Demographic Summary
A1: Total Employees | B1: Average Age | C1: Youngest Employees | D1: Oldest Employees | E1: Average Experience | F1: Active Employees | G1: Resigned Employees | H1: % of Total Active
A2: =COUNTA(Employee_Master!A2:A301) -> 300 | B2: =AVERAGE(Employee_Master!D2:D301) -> 40.123333 | C2: =MIN(Employee_Master!D2:D301) -> 21 | D2: =MAX(Employee_Master!D2:D301) -> 58 | E2: =AVERAGE(Employee_Master!J2:J301) -> 3.785 | F2: =COUNTIF(Employee_Master!Q2:Q301, "Active") -> 252 | G2: =COUNTIF(Employee_Master!Q2:Q301, "Resigned") -> 48 | H2: 0.84

Sheet Gender Analysis
A3: Row Labels | B3: Gender % of Total
A4: Female | B4: 0.46
A5: Male | B5: 0.54
A6: Grand Total | B6: 1

Sheet Age Group Distribution
A3: Row Labels | B3: Count of Employee_ID
A4: 18-30 | B4: 82
A5: 31-40 | B5: 67
A6: 41-50 | B6: 89
A7: 51-65 | B7: 62
A8: Grand Total | B8: 300

Sheet Department Headcount
A3: Row Labels | B3: Count of Employee_ID | C3: Average of Years_of_Service
A4: IT | B4: 54 | C4: 3.7018519
A5: Sales | B5: 48 | C5: 3.9479167
A6: HR | B6: 44 | C6: 3.7886364
A7: Finance | B7: 43 | C7: 3.6348837
A8: Customer Support | B8: 40 | C8: 3.58
A9: Marketing | B9: 38 | C9: 4.1210526
A10: Operations | B10: 33 | C10: 3.7363636
A11: Grand Total | B11: 300 | C11: 3.785

Sheet Location-Wise Headcount 
A3: Row Labels | B3: Count of Employee_ID
A4: Central | B4: 60
A5: East | B5: 62
A6: North | B6: 63
A7: South | B7: 56
A8: West | B8: 59
A9: Grand Total | B9: 300

Sheet Position-wise Distribution
A3: Row Labels | B3: Count of Employee_ID
A4: Accountant | B4: 15
A5: Business Development Executive | B5: 16
A6: Customer Success Executive | B6: 14
A7: Data Analyst | B7: 15
A8: Digital Marketing Analyst | B8: 16
A9: Finance Manager | B9: 14
A10: Financial Analyst | B10: 14
A11: HR Executive | B11: 16
A12: HR Manager | B12: 16
A13: Marketing Executive | B13: 13
A14: Marketing Manager | B14: 9
A15: Operations Executive | B15: 12
... A26: Grand Total | B26: 300

Sheet Department vs Gender
A3: Count of Employee_ID | B3: Column Labels
A4: Row Labels | B4: Female | C4: Male | D4: Grand Total
A5: Customer Support | B5: 19 | C5: 21 | D5: 40
A6: Finance | B6: 25 | C6: 18 | D6: 43
A7: HR | B7: 15 | C7: 29 | D7: 44
A8: IT | B8: 24 | C8: 30 | D8: 54
A9: Marketing | B9: 17 | C9: 21 | D9: 38
A10: Operations | B10: 16 | C10: 17 | D10: 33
A11: Sales | B11: 22 | C11: 26 | D11: 48
A12: Grand Total | B12: 138 | C12: 162 | D12: 300

Sheet Active and Resigned
A3: Row Labels | B3: % of Grand Total
A4: Active | B4: 0.84
A5: Resigned | B5: 0.16
A6: Grand Total | B6: 1

Sheet Dashboard
A1: Employee Demographics
